product_id,LGBMRegressor,XGBRegressor,LinearRegression,AutoETS,AutoARIMA,y,NP,NHITS,NBEATS,PatchTST,TFT,TimesNet
1016802 ,14586 ,11387 ,12660 ,14787 ,10703 ,15698 ,10375 ,9177 ,10688 ,11520 ,11360 ,11671 
1026132 ,5020 ,4892 ,7392 ,8539 ,7505 ,6604 ,7196 ,7962 ,8237 ,7053 ,8955 ,10700 
1011186 ,4027 ,4966 ,4670 ,4530 ,4921 ,6141 ,4400 ,4102 ,4517 ,5559 ,4811 ,4700 
1020912 ,4546 ,4897 ,4940 ,4908 ,4283 ,4888 ,3864 ,4000 ,4699 ,4790 ,4911 ,4172 
1025670 ,2846 ,2796 ,2806 ,3577 ,3568 ,3385 ,2909 ,3388 ,3440 ,3199 ,3396 ,4349 
1027350 ,2181 ,2963 ,2944 ,3290 ,3190 ,3274 ,2891 ,3071 ,3469 ,3484 ,3264 ,2929 
1332669 ,1400 ,1768 ,1806 ,1889 ,1890 ,2597 ,1591 ,1898 ,1817 ,1931 ,1955 ,2497 
1024117 ,2593 ,2473 ,4433 ,2186 ,2934 ,2508 ,3060 ,3134 ,3169 ,2349 ,4844 ,5254 
1024212 ,1818 ,1101 ,2476 ,1231 ,1082 ,2444 ,1804 ,1565 ,1614 ,1328 ,1584 ,2809 
1034003 ,2552 ,3079 ,2733 ,2819 ,2470 ,2426 ,2470 ,2295 ,2606 ,2931 ,3043 ,2921 
1001318 ,3125 ,3341 ,4835 ,1564 ,2403 ,2338 ,2032 ,2052 ,2975 ,1499 ,2729 ,5343 
1039307 ,3744 ,3502 ,3552 ,3291 ,2498 ,2324 ,3384 ,504 ,2779 ,2690 ,3506 ,5206 
1034551 ,3527 ,3459 ,3528 ,3051 ,2962 ,2080 ,2836 ,2851 ,3217 ,3437 ,3376 ,3452 
1037829 ,1130 ,757 ,1545 ,1570 ,1216 ,2075 ,1238 ,1161 ,890 ,1589 ,1006 ,1335 
1039308 ,2457 ,2228 ,2770 ,3421 ,2818 ,1792 ,2468 ,815 ,2812 ,2752 ,3111 ,4656 
1031566 ,1912 ,2731 ,2884 ,2219 ,1812 ,1623 ,2099 ,2027 ,2291 ,2122 ,2684 ,3647 
1024110 ,1561 ,1907 ,2603 ,2217 ,2428 ,1617 ,2065 ,1789 ,1882 ,1424 ,3256 ,4157 
1024109 ,2465 ,2093 ,3514 ,2042 ,2798 ,1612 ,2520 ,2483 ,2553 ,1991 ,3977 ,3133 
1026130 ,1382 ,1500 ,1501 ,1330 ,1271 ,1612 ,1132 ,1017 ,1241 ,1192 ,1282 ,1510 
1025542 ,1005 ,862 ,1030 ,1130 ,748 ,1605 ,988 ,807 ,816 ,1054 ,973 ,1147 
1332619 ,656 ,692 ,1060 ,619 ,612 ,1520 ,652 ,705 ,775 ,615 ,730 ,1064 
1020913 ,1152 ,1155 ,1476 ,857 ,1267 ,1517 ,1115 ,1118 ,1308 ,1272 ,1499 ,1396 
1044019 ,881 ,826 ,845 ,1518 ,1418 ,1433 ,1041 ,954 ,999 ,924 ,1002 ,1765 
1034004 ,983 ,945 ,1225 ,1523 ,1604 ,1423 ,1363 ,1395 ,1452 ,1394 ,1363 ,1838 
1024112 ,1341 ,1303 ,1998 ,1355 ,1057 ,1368 ,1672 ,1404 ,1445 ,1101 ,2324 ,2366 
1001319 ,1728 ,1451 ,1975 ,1891 ,1109 ,1349 ,1173 ,1160 ,1212 ,1497 ,1392 ,1328 
1034552 ,1962 ,1865 ,2052 ,1924 ,1745 ,1276 ,1800 ,1871 ,1956 ,2035 ,2134 ,2165 
1039264 ,1224 ,1261 ,1288 ,1495 ,1207 ,1262 ,1111 ,992 ,1099 ,1331 ,1193 ,1211 
1025669 ,1303 ,1300 ,1580 ,1484 ,1356 ,1236 ,1247 ,1514 ,1806 ,1408 ,1437 ,1656 
1030124 ,1140 ,1099 ,1797 ,1891 ,1888 ,1210 ,1624 ,1727 ,1885 ,1786 ,2039 ,2285 
1020134 ,1224 ,990 ,1634 ,1837 ,1840 ,1157 ,1298 ,1422 ,1474 ,1752 ,1687 ,1529 
1024108 ,735 ,703 ,946 ,866 ,922 ,1146 ,791 ,826 ,831 ,730 ,971 ,1130 
1332652 ,591 ,400 ,745 ,498 ,496 ,1102 ,467 ,640 ,658 ,522 ,553 ,895 
1024107 ,551 ,486 ,715 ,575 ,619 ,1075 ,442 ,671 ,641 ,465 ,510 ,726 
1332620 ,921 ,995 ,1499 ,1284 ,974 ,1074 ,1204 ,1272 ,1304 ,890 ,1490 ,2464 
1035889 ,1030 ,1309 ,1408 ,1637 ,1684 ,1049 ,1397 ,1242 ,1465 ,1661 ,1409 ,1074 
1034002 ,1144 ,944 ,1347 ,1557 ,1861 ,1048 ,1269 ,956 ,1259 ,1202 ,1486 ,1497 
1031023 ,973 ,908 ,938 ,1279 ,1276 ,1020 ,978 ,1025 ,1060 ,1024 ,1233 ,1451 
1010947 ,881 ,646 ,1071 ,1144 ,1110 ,949 ,617 ,649 ,760 ,715 ,865 ,1402 
1000897 ,831 ,796 ,977 ,1061 ,821 ,948 ,772 ,753 ,865 ,936 ,876 ,799 
1019130 ,1104 ,1397 ,1755 ,1315 ,1584 ,933 ,1095 ,1462 ,1709 ,2110 ,1651 ,2020 
1001410 ,1184 ,1170 ,1349 ,702 ,980 ,932 ,998 ,804 ,872 ,1067 ,1043 ,1045 
1332639 ,742 ,650 ,932 ,856 ,1074 ,924 ,873 ,819 ,807 ,834 ,1261 ,1441 
1037509 ,417 ,413 ,449 ,539 ,484 ,907 ,323 ,441 ,474 ,382 ,424 ,778 
1029322 ,1244 ,1279 ,1309 ,1130 ,1239 ,856 ,1101 ,1049 ,1041 ,1391 ,1259 ,1095 
1277730 ,588 ,634 ,632 ,712 ,681 ,849 ,596 ,549 ,614 ,653 ,580 ,588 
1009254 ,931 ,1032 ,1030 ,740 ,736 ,836 ,736 ,712 ,904 ,815 ,886 ,786 
1026213 ,897 ,715 ,1113 ,908 ,743 ,833 ,901 ,960 ,1077 ,825 ,1429 ,1417 
1278993 ,806 ,686 ,923 ,934 ,922 ,829 ,900 ,888 ,929 ,1070 ,859 ,1009 
1025543 ,486 ,502 ,516 ,439 ,448 ,820 ,479 ,366 ,384 ,442 ,471 ,593 
1039716 ,715 ,601 ,781 ,861 ,725 ,801 ,856 ,715 ,828 ,846 ,895 ,786 
1028356 ,840 ,1118 ,1635 ,510 ,1054 ,800 ,1281 ,1204 ,1269 ,667 ,2251 ,1764 
1026107 ,896 ,842 ,967 ,772 ,956 ,788 ,857 ,751 ,808 ,633 ,911 ,1190 
1009244 ,559 ,626 ,590 ,726 ,683 ,775 ,738 ,641 ,631 ,598 ,517 ,801 
1018138 ,840 ,851 ,1322 ,1915 ,2060 ,773 ,1308 ,1173 ,1110 ,937 ,1224 ,1752 
1033323 ,997 ,1612 ,1059 ,905 ,973 ,755 ,984 ,975 ,1061 ,1067 ,1140 ,1168 
1332674 ,539 ,476 ,619 ,536 ,512 ,722 ,555 ,592 ,616 ,540 ,774 ,742 
1039258 ,557 ,625 ,591 ,538 ,531 ,709 ,483 ,502 ,558 ,568 ,548 ,552 
1274811 ,494 ,472 ,531 ,687 ,688 ,695 ,467 ,486 ,570 ,594 ,552 ,706 
1020133 ,532 ,418 ,609 ,700 ,690 ,684 ,766 ,597 ,629 ,624 ,715 ,782 
1036951 ,680 ,681 ,719 ,743 ,815 ,664 ,726 ,786 ,831 ,832 ,722 ,799 
1037502 ,678 ,544 ,729 ,787 ,769 ,647 ,718 ,719 ,784 ,733 ,767 ,993 
1024116 ,805 ,708 ,925 ,1115 ,983 ,639 ,882 ,890 ,878 ,799 ,1103 ,1413 
1026138 ,624 ,637 ,849 ,590 ,579 ,623 ,609 ,600 ,641 ,641 ,737 ,825 
1026137 ,763 ,730 ,889 ,839 ,830 ,616 ,792 ,830 ,884 ,910 ,897 ,855 
1332638 ,533 ,477 ,631 ,595 ,582 ,612 ,626 ,565 ,596 ,541 ,714 ,746 
1022606 ,505 ,503 ,589 ,471 ,401 ,570 ,423 ,413 ,479 ,430 ,463 ,401 
1034554 ,619 ,658 ,712 ,566 ,566 ,568 ,603 ,609 ,671 ,657 ,637 ,651 
1275853 ,519 ,544 ,610 ,710 ,716 ,563 ,625 ,694 ,697 ,723 ,701 ,847 
1026134 ,554 ,622 ,633 ,757 ,630 ,553 ,673 ,604 ,664 ,709 ,700 ,790 
1275854 ,498 ,469 ,579 ,693 ,694 ,546 ,569 ,636 ,627 ,646 ,593 ,763 
1020914 ,637 ,432 ,889 ,597 ,568 ,545 ,630 ,550 ,607 ,594 ,698 ,580 
1045200 ,508 ,419 ,534 ,595 ,587 ,542 ,504 ,474 ,609 ,513 ,554 ,763 
1278566 ,647 ,668 ,676 ,699 ,807 ,536 ,621 ,713 ,729 ,723 ,734 ,844 
1275856 ,432 ,433 ,491 ,584 ,526 ,532 ,523 ,516 ,510 ,486 ,526 ,658 
1332477 ,337 ,299 ,332 ,326 ,330 ,530 ,300 ,297 ,312 ,336 ,316 ,357 
1035566 ,464 ,392 ,537 ,481 ,451 ,513 ,540 ,427 ,477 ,460 ,484 ,588 
1024113 ,446 ,311 ,620 ,472 ,379 ,509 ,503 ,475 ,482 ,379 ,720 ,725 
1279747 ,539 ,623 ,573 ,556 ,556 ,。。,555 ,575 ,614 ,627 ,640 ,600 
1039204 ,535 ,627 ,566 ,501 ,540 ,482 ,467 ,439 ,547 ,513 ,525 ,549 
1045323 ,499 ,522 ,504 ,451 ,425 ,475 ,491 ,445 ,516 ,476 ,495 ,472 
1275298 ,484 ,497 ,475 ,509 ,476 ,467 ,401 ,376 ,421 ,464 ,449 ,342 
1039766 ,524 ,527 ,563 ,583 ,582 ,465 ,579 ,593 ,619 ,632 ,579 ,620 
1278013 ,389 ,398 ,401 ,331 ,354 ,460 ,348 ,353 ,392 ,364 ,351 ,427 
1018139 ,446 ,384 ,566 ,575 ,440 ,459 ,905 ,602 ,503 ,641 ,466 ,1030 
1025068 ,529 ,392 ,673 ,731 ,388 ,458 ,435 ,455 ,442 ,412 ,553 ,723 
1033324 ,236 ,223 ,277 ,172 ,199 ,454 ,151 ,228 ,226 ,214 ,175 ,294 
1332645 ,344 ,386 ,375 ,372 ,418 ,454 ,370 ,322 ,328 ,371 ,409 ,528 
1027368 ,423 ,416 ,458 ,446 ,285 ,453 ,324 ,375 ,396 ,445 ,405 ,403 
1019131 ,1662 ,1873 ,1845 ,1423 ,1747 ,450 ,1275 ,1611 ,1716 ,1943 ,1708 ,1833 
1018140 ,613 ,936 ,719 ,656 ,669 ,443 ,518 ,548 ,664 ,817 ,732 ,1147 
1275852 ,430 ,422 ,476 ,565 ,598 ,440 ,492 ,513 ,495 ,509 ,504 ,712 
1009245 ,849 ,636 ,787 ,701 ,481 ,435 ,441 ,510 ,280 ,609 ,453 ,437 
1024717 ,507 ,292 ,807 ,306 ,350 ,435 ,474 ,369 ,402 ,363 ,589 ,649 
1276629 ,486 ,493 ,531 ,622 ,612 ,433 ,533 ,576 ,605 ,613 ,544 ,650 
1001912 ,469 ,327 ,554 ,373 ,414 ,432 ,375 ,356 ,421 ,373 ,401 ,528 
1275855 ,423 ,413 ,452 ,524 ,523 ,431 ,429 ,481 ,489 ,489 ,454 ,546 
1332845 ,472 ,271 ,622 ,399 ,399 ,431 ,316 ,409 ,495 ,366 ,400 ,597 
1009659 ,1136 ,834 ,1305 ,1220 ,815 ,429 ,765 ,717 ,660 ,959 ,760 ,679 
1025694 ,439 ,405 ,521 ,429 ,488 ,428 ,397 ,433 ,414 ,400 ,462 ,520 
1278606 ,387 ,378 ,383 ,394 ,354 ,422 ,332 ,246 ,328 ,401 ,323 ,433 
1274110 ,316 ,464 ,272 ,591 ,539 ,416 ,376 ,232 ,261 ,320 ,218 ,452 
1280372 ,306 ,232 ,298 ,265 ,267 ,411 ,278 ,273 ,290 ,289 ,261 ,254 
1332479 ,344 ,303 ,334 ,305 ,310 ,410 ,298 ,257 ,280 ,315 ,280 ,275 
1332660 ,389 ,410 ,389 ,442 ,471 ,405 ,473 ,319 ,327 ,332 ,519 ,637 
1276902 ,465 ,459 ,515 ,621 ,621 ,396 ,414 ,358 ,280 ,480 ,473 ,418 
1037507 ,315 ,342 ,327 ,380 ,460 ,394 ,323 ,308 ,301 ,314 ,418 ,498 
1037506 ,561 ,625 ,617 ,682 ,641 ,392 ,595 ,570 ,637 ,625 ,647 ,773 
1025599 ,699 ,603 ,741 ,698 ,728 ,391 ,541 ,666 ,710 ,705 ,694 ,809 
1332481 ,225 ,311 ,170 ,211 ,211 ,385 ,106 ,27 ,115 ,130 ,102 ,160 
1025672 ,374 ,390 ,450 ,589 ,548 ,382 ,473 ,466 ,460 ,486 ,404 ,592 
1039306 ,568 ,498 ,496 ,568 ,364 ,375 ,469 ,207 ,419 ,464 ,542 ,619 
1019829 ,558 ,431 ,769 ,550 ,458 ,354 ,401 ,413 ,479 ,432 ,440 ,542 
1039764 ,321 ,299 ,357 ,296 ,307 ,350 ,270 ,244 ,263 ,260 ,291 ,311 
1041689 ,345 ,332 ,360 ,339 ,319 ,349 ,321 ,349 ,368 ,377 ,329 ,294 
1001331 ,1163 ,1166 ,1180 ,572 ,766 ,346 ,808 ,787 ,523 ,992 ,603 ,674 
1035883 ,264 ,271 ,221 ,253 ,255 ,342 ,238 ,198 ,215 ,219 ,226 ,252 
1009246 ,659 ,728 ,678 ,516 ,622 ,341 ,491 ,409 ,412 ,579 ,601 ,415 
1025109 ,401 ,316 ,498 ,489 ,305 ,331 ,322 ,350 ,349 ,285 ,411 ,579 
1045168 ,274 ,282 ,210 ,234 ,209 ,330 ,169 ,112 ,166 ,187 ,153 ,308 
1332671 ,250 ,188 ,325 ,176 ,203 ,325 ,169 ,196 ,196 ,150 ,331 ,341 
1316436 ,214 ,218 ,247 ,178 ,167 ,323 ,172 ,218 ,232 ,244 ,217 ,238 
1276905 ,344 ,402 ,358 ,431 ,427 ,320 ,320 ,347 ,368 ,355 ,357 ,464 
1028135 ,425 ,329 ,490 ,123 ,201 ,319 ,306 ,128 ,139 ,98 ,266 ,427 
1277258 ,346 ,381 ,374 ,353 ,423 ,319 ,456 ,372 ,385 ,376 ,346 ,366 
1024715 ,290 ,147 ,386 ,243 ,216 ,315 ,237 ,202 ,231 ,209 ,261 ,330 
1040206 ,389 ,401 ,411 ,411 ,475 ,313 ,415 ,454 ,462 ,456 ,424 ,532 
1275334 ,290 ,309 ,263 ,456 ,428 ,311 ,398 ,258 ,242 ,258 ,252 ,411 
1009667 ,281 ,240 ,336 ,280 ,177 ,309 ,228 ,248 ,246 ,234 ,245 ,328 
1275850 ,429 ,437 ,456 ,513 ,513 ,308 ,466 ,458 ,480 ,504 ,476 ,549 
1034405 ,353 ,299 ,418 ,358 ,356 ,306 ,327 ,274 ,301 ,260 ,418 ,623 
1025666 ,809 ,967 ,879 ,942 ,812 ,302 ,770 ,708 ,664 ,861 ,771 ,751 
1280373 ,255 ,236 ,266 ,239 ,250 ,301 ,228 ,251 ,256 ,281 ,236 ,297 
1332885 ,289 ,284 ,297 ,243 ,243 ,301 ,220 ,200 ,224 ,233 ,273 ,291 
1045201 ,361 ,388 ,396 ,438 ,427 ,295 ,379 ,413 ,419 ,397 ,385 ,575 
1039203 ,383 ,390 ,390 ,289 ,287 ,294 ,324 ,314 ,306 ,402 ,332 ,326 
1037505 ,320 ,297 ,390 ,235 ,209 ,291 ,345 ,325 ,330 ,220 ,587 ,765 
1274695 ,321 ,309 ,336 ,276 ,323 ,290 ,299 ,233 ,244 ,197 ,284 ,343 
1034416 ,290 ,219 ,344 ,204 ,165 ,289 ,312 ,223 ,231 ,130 ,350 ,420 
1045519 ,322 ,339 ,338 ,331 ,377 ,289 ,341 ,354 ,344 ,352 ,387 ,503 
1024716 ,359 ,313 ,464 ,427 ,390 ,286 ,441 ,409 ,399 ,445 ,431 ,507 
1028596 ,314 ,319 ,387 ,226 ,251 ,286 ,231 ,259 ,278 ,242 ,305 ,330 
1024114 ,362 ,293 ,538 ,205 ,122 ,284 ,321 ,306 ,310 ,226 ,559 ,505 
1280879 ,287 ,236 ,322 ,255 ,266 ,279 ,270 ,196 ,217 ,271 ,352 ,199 
1011293 ,383 ,178 ,529 ,272 ,401 ,277 ,331 ,316 ,341 ,285 ,386 ,455 
1045202 ,304 ,317 ,313 ,375 ,455 ,276 ,347 ,260 ,290 ,212 ,435 ,603 
1280134 ,423 ,437 ,429 ,504 ,503 ,271 ,442 ,464 ,458 ,447 ,434 ,555 
1277241 ,174 ,157 ,208 ,170 ,134 ,270 ,146 ,160 ,179 ,190 ,178 ,222 
1276628 ,398 ,390 ,433 ,500 ,502 ,269 ,443 ,426 ,433 ,440 ,244 ,502 
1037840 ,325 ,285 ,298 ,253 ,272 ,268 ,281 ,279 ,288 ,282 ,254 ,347 
1280086 ,407 ,425 ,415 ,443 ,443 ,267 ,385 ,351 ,394 ,356 ,413 ,499 
1017705 ,461 ,373 ,870 ,403 ,358 ,266 ,408 ,371 ,364 ,323 ,448 ,629 
1332646 ,482 ,398 ,691 ,269 ,277 ,266 ,302 ,333 ,339 ,218 ,440 ,541 
1001911 ,338 ,548 ,280 ,178 ,312 ,265 ,190 ,121 ,118 ,102 ,424 ,395 
1044328 ,177 ,197 ,198 ,176 ,182 ,264 ,136 ,158 ,163 ,137 ,177 ,215 
1037503 ,243 ,261 ,225 ,168 ,167 ,261 ,133 ,129 ,138 ,123 ,164 ,235 
1036202 ,289 ,300 ,295 ,243 ,208 ,260 ,267 ,251 ,249 ,246 ,284 ,324 
1045515 ,365 ,399 ,354 ,492 ,521 ,260 ,413 ,302 ,364 ,365 ,324 ,575 
1028136 ,208 ,367 ,159 ,57 ,129 ,257 ,113 ,85 ,75 ,73 ,119 ,181 
1276630 ,346 ,362 ,345 ,382 ,382 ,255 ,302 ,330 ,348 ,351 ,332 ,399 
1332675 ,298 ,234 ,386 ,249 ,285 ,247 ,212 ,220 ,290 ,202 ,295 ,401 
1025110 ,256 ,226 ,345 ,254 ,342 ,243 ,236 ,158 ,172 ,150 ,258 ,247 
1000937 ,456 ,432 ,619 ,377 ,381 ,242 ,378 ,424 ,466 ,430 ,459 ,393 
1039309 ,381 ,376 ,362 ,394 ,377 ,240 ,274 ,200 ,291 ,304 ,311 ,483 
1045517 ,344 ,370 ,358 ,502 ,516 ,240 ,392 ,406 ,401 ,388 ,349 ,494 
1001915 ,391 ,278 ,527 ,370 ,461 ,238 ,443 ,381 ,380 ,333 ,506 ,697 
1009420 ,362 ,261 ,534 ,222 ,207 ,238 ,195 ,214 ,240 ,223 ,232 ,280 
1033464 ,319 ,268 ,378 ,215 ,228 ,238 ,251 ,246 ,241 ,251 ,305 ,367 
1026139 ,324 ,308 ,397 ,318 ,245 ,237 ,264 ,235 ,259 ,235 ,287 ,355 
1001919 ,323 ,326 ,396 ,316 ,325 ,236 ,263 ,230 ,278 ,206 ,320 ,426 
1277256 ,260 ,264 ,272 ,244 ,192 ,227 ,235 ,234 ,240 ,247 ,234 ,288 
1018856 ,252 ,116 ,352 ,149 ,139 ,226 ,163 ,125 ,137 ,129 ,159 ,138 
1037837 ,408 ,400 ,368 ,442 ,128 ,225 ,244 ,19 ,240 ,331 ,335 ,533 
1041363 ,312 ,315 ,333 ,274 ,400 ,225 ,322 ,289 ,286 ,269 ,448 ,501 
1332852 ,316 ,293 ,332 ,276 ,316 ,223 ,240 ,268 ,286 ,267 ,293 ,372 
1279882 ,165 ,136 ,192 ,158 ,157 ,222 ,143 ,130 ,143 ,148 ,150 ,161 
1277240 ,344 ,353 ,335 ,313 ,323 ,221 ,304 ,278 ,307 ,309 ,274 ,408 
1035553 ,255 ,177 ,232 ,81 ,233 ,218 ,207 ,67 ,82 ,(30),149 ,350 
1045199 ,244 ,234 ,240 ,169 ,187 ,217 ,211 ,167 ,181 ,179 ,194 ,243 
1332643 ,240 ,229 ,295 ,179 ,224 ,217 ,213 ,183 ,194 ,164 ,227 ,245 
1278992 ,388 ,382 ,381 ,398 ,379 ,214 ,364 ,396 ,438 ,431 ,404 ,396 
1027794 ,232 ,237 ,268 ,148 ,160 ,212 ,204 ,190 ,194 ,165 ,206 ,216 
1045513 ,344 ,399 ,345 ,328 ,315 ,210 ,321 ,316 ,318 ,328 ,347 ,520 
1041362 ,236 ,186 ,241 ,224 ,224 ,208 ,203 ,200 ,201 ,190 ,208 ,320 
1280442 ,138 ,146 ,153 ,84 ,83 ,208 ,109 ,99 ,99 ,86 ,200 ,182 
1332676 ,231 ,170 ,220 ,137 ,132 ,206 ,126 ,156 ,169 ,122 ,143 ,185 
1025101 ,237 ,234 ,297 ,166 ,209 ,203 ,196 ,176 ,180 ,149 ,180 ,241 
1033457 ,317 ,281 ,378 ,219 ,187 ,202 ,271 ,215 ,252 ,252 ,317 ,375 
1045518 ,268 ,260 ,280 ,226 ,351 ,200 ,249 ,279 ,268 ,247 ,268 ,403 
1045169 ,271 ,315 ,189 ,214 ,233 ,198 ,197 ,161 ,158 ,168 ,167 ,366 
1280371 ,244 ,250 ,220 ,170 ,162 ,192 ,242 ,188 ,197 ,216 ,182 ,238 
1280630 ,478 ,295 ,517 ,293 ,295 ,192 ,328 ,164 ,210 ,335 ,319 ,357 
1025102 ,297 ,319 ,374 ,346 ,170 ,191 ,316 ,286 ,306 ,260 ,303 ,413 
1275299 ,257 ,236 ,286 ,240 ,241 ,188 ,221 ,227 ,249 ,262 ,244 ,213 
1280393 ,250 ,221 ,279 ,219 ,205 ,183 ,211 ,190 ,220 ,228 ,229 ,195 
1024172 ,246 ,153 ,341 ,40 ,134 ,180 ,188 ,137 ,142 ,112 ,307 ,298 
1276627 ,302 ,260 ,257 ,281 ,277 ,179 ,218 ,224 ,232 ,222 ,229 ,310 
1332667 ,202 ,171 ,228 ,195 ,195 ,179 ,182 ,190 ,202 ,206 ,209 ,197 
1332622 ,237 ,550 ,238 ,146 ,144 ,174 ,141 ,136 ,146 ,144 ,149 ,162 
1001916 ,323 ,178 ,395 ,147 ,126 ,171 ,279 ,184 ,219 ,203 ,259 ,306 
1277243 ,177 ,213 ,190 ,132 ,136 ,170 ,140 ,103 ,112 ,59 ,133 ,181 
1034408 ,302 ,260 ,265 ,140 ,218 ,169 ,211 ,163 ,209 ,209 ,211 ,264 
1277238 ,243 ,228 ,250 ,202 ,256 ,166 ,162 ,209 ,224 ,217 ,218 ,282 
1274111 ,481 ,1199 ,407 ,464 ,515 ,163 ,497 ,168 ,243 ,237 ,835 ,893 
1331834 ,173 ,146 ,189 ,162 ,166 ,161 ,131 ,133 ,149 ,140 ,144 ,166 
1017110 ,239 ,101 ,407 ,120 ,115 ,160 ,95 ,144 ,150 ,118 ,118 ,155 
1035307 ,314 ,296 ,308 ,325 ,327 ,160 ,272 ,282 ,276 ,264 ,316 ,420 
1332659 ,232 ,190 ,259 ,160 ,175 ,159 ,163 ,178 ,184 ,141 ,210 ,236 
1045510 ,302 ,258 ,272 ,303 ,301 ,158 ,232 ,219 ,224 ,200 ,270 ,367 
1025025 ,256 ,119 ,313 ,107 ,87 ,157 ,122 ,91 ,125 ,65 ,150 ,300 
1280452 ,143 ,124 ,158 ,99 ,98 ,150 ,139 ,109 ,119 ,111 ,110 ,133 
1036957 ,235 ,267 ,204 ,150 ,158 ,148 ,113 ,102 ,124 ,124 ,157 ,199 
1032697 ,250 ,176 ,237 ,268 ,108 ,146 ,224 ,181 ,153 ,185 ,168 ,520 
1278991 ,232 ,229 ,233 ,240 ,239 ,145 ,204 ,199 ,210 ,218 ,201 ,250 
1024115 ,236 ,174 ,265 ,76 ,63 ,143 ,120 ,78 ,101 ,83 ,145 ,196 
1031482 ,291 ,221 ,381 ,282 ,252 ,141 ,222 ,202 ,227 ,215 ,301 ,387 
1041361 ,236 ,230 ,217 ,167 ,190 ,141 ,170 ,159 ,164 ,175 ,217 ,212 
1277160 ,153 ,136 ,188 ,155 ,149 ,141 ,123 ,129 ,143 ,141 ,152 ,156 
1273362 ,232 ,170 ,200 ,212 ,218 ,139 ,144 ,163 ,160 ,161 ,215 ,280 
1031483 ,360 ,377 ,431 ,306 ,306 ,138 ,316 ,335 ,337 ,329 ,365 ,559 
1332184 ,138 ,117 ,155 ,106 ,106 ,135 ,105 ,108 ,114 ,117 ,104 ,108 
1031478 ,272 ,240 ,331 ,124 ,203 ,133 ,211 ,215 ,226 ,214 ,249 ,279 
1332860 ,194 ,173 ,174 ,116 ,116 ,127 ,118 ,115 ,133 ,89 ,124 ,194 
1274700 ,268 ,260 ,270 ,319 ,370 ,125 ,309 ,315 ,301 ,299 ,308 ,418 
1277239 ,272 ,266 ,252 ,224 ,224 ,125 ,167 ,206 ,228 ,219 ,216 ,296 
1001918 ,267 ,573 ,173 ,86 ,28 ,124 ,121 ,41 ,58 ,28 ,103 ,154 
1332642 ,201 ,152 ,197 ,118 ,121 ,124 ,122 ,122 ,121 ,95 ,191 ,161 
1276633 ,233 ,229 ,195 ,182 ,181 ,121 ,133 ,116 ,142 ,126 ,160 ,233 
1280395 ,238 ,184 ,277 ,259 ,228 ,121 ,206 ,175 ,197 ,223 ,229 ,183 
1333116 ,107 ,69 ,139 ,86 ,83 ,116 ,95 ,90 ,73 ,97 ,67 ,66 
1276625 ,203 ,185 ,213 ,183 ,182 ,115 ,158 ,151 ,169 ,173 ,177 ,195 
1333338 ,24 ,35 ,93 ,34 ,33 ,113 ,33 ,33 ,35 ,36 ,32 ,32 
1278519 ,79 ,44 ,126 ,77 ,72 ,111 ,76 ,76 ,92 ,70 ,76 ,106 
1279091 ,154 ,140 ,183 ,128 ,128 ,111 ,136 ,121 ,146 ,136 ,149 ,139 
1276632 ,220 ,206 ,245 ,208 ,208 ,110 ,203 ,206 ,214 ,214 ,216 ,250 
1277159 ,147 ,125 ,186 ,153 ,126 ,109 ,131 ,100 ,121 ,141 ,145 ,121 
1277242 ,302 ,260 ,265 ,230 ,263 ,109 ,266 ,191 ,225 ,138 ,239 ,455 
1277244 ,180 ,194 ,210 ,159 ,167 ,109 ,131 ,170 ,175 ,163 ,169 ,249 
1276631 ,206 ,196 ,224 ,208 ,197 ,107 ,157 ,157 ,178 ,174 ,193 ,227 
1279883 ,142 ,124 ,181 ,138 ,137 ,105 ,133 ,135 ,146 ,145 ,143 ,126 
1028595 ,246 ,158 ,299 ,132 ,139 ,104 ,139 ,119 ,135 ,123 ,185 ,192 
1277162 ,155 ,130 ,156 ,99 ,99 ,104 ,93 ,93 ,99 ,103 ,104 ,116 
1045508 ,162 ,136 ,163 ,152 ,116 ,103 ,125 ,120 ,135 ,152 ,132 ,179 
1277157 ,172 ,140 ,195 ,186 ,185 ,103 ,155 ,153 ,162 ,163 ,204 ,217 
1280941 ,30 ,54 ,99 ,51 ,25 ,101 ,32 ,31 ,20 ,39 ,53 ,39 
1045520 ,229 ,240 ,238 ,181 ,149 ,100 ,211 ,193 ,187 ,171 ,260 ,303 
1277158 ,164 ,140 ,206 ,176 ,176 ,99 ,150 ,171 ,169 ,170 ,168 ,186 
1277255 ,148 ,146 ,148 ,114 ,116 ,99 ,113 ,85 ,98 ,95 ,134 ,128 
1280692 ,138 ,78 ,147 ,96 ,96 ,97 ,104 ,87 ,93 ,108 ,94 ,92 
1334526 ,110 ,78 ,131 ,87 ,87 ,97 ,68 ,72 ,79 ,80 ,81 ,71 
1031481 ,243 ,322 ,222 ,75 ,246 ,95 ,173 ,117 ,112 ,104 ,227 ,309 
1019303 ,219 ,154 ,173 ,47 ,74 ,94 ,65 ,47 ,57 ,53 ,65 ,103 
1279090 ,141 ,123 ,133 ,102 ,100 ,94 ,81 ,78 ,93 ,84 ,85 ,120 
1332654 ,232 ,223 ,172 ,91 ,89 ,93 ,123 ,62 ,72 ,90 ,113 ,146 
1001126 ,256 ,103 ,307 ,136 ,189 ,91 ,114 ,80 ,91 ,57 ,155 ,121 
1280946 ,105 ,74 ,133 ,82 ,79 ,88 ,109 ,83 ,85 ,88 ,61 ,97 
1273608 ,237 ,170 ,212 ,123 ,123 ,84 ,114 ,79 ,110 ,97 ,147 ,133 
1279249 ,143 ,145 ,138 ,84 ,92 ,82 ,88 ,50 ,71 ,50 ,104 ,108 
1035884 ,67 ,73 ,111 ,48 ,47 ,76 ,52 ,42 ,56 ,57 ,62 ,71 
1035926 ,291 ,362 ,254 ,215 ,215 ,75 ,140 ,87 ,113 ,141 ,152 ,164 
1337539 ,21 ,40 ,86 ,46 ,46 ,75 ,45 ,24 ,32 ,34 ,46 ,48 
1280940 ,107 ,90 ,147 ,71 ,82 ,74 ,89 ,81 ,89 ,95 ,63 ,73 
1278520 ,67 ,95 ,113 ,43 ,43 ,71 ,68 ,71 ,94 ,79 ,83 ,63 
1280441 ,67 ,98 ,116 ,58 ,58 ,71 ,62 ,49 ,52 ,34 ,86 ,93 
1280507 ,56 ,44 ,118 ,68 ,68 ,71 ,65 ,70 ,74 ,73 ,71 ,84 
1332865 ,46 ,25 ,116 ,73 ,73 ,64 ,65 ,55 ,64 ,68 ,61 ,69 
1035885 ,116 ,91 ,135 ,60 ,53 ,63 ,49 ,61 ,70 ,66 ,66 ,83 
1028428 ,187 ,158 ,165 ,59 ,59 ,62 ,53 ,38 ,52 ,35 ,66 ,106 
1279092 ,92 ,86 ,125 ,60 ,54 ,59 ,56 ,52 ,55 ,68 ,55 ,59 
1333149 ,46 ,32 ,111 ,63 ,69 ,48 ,58 ,65 ,65 ,69 ,45 ,61 
1333141 ,24 ,35 ,94 ,43 ,42 ,43 ,38 ,40 ,41 ,42 ,38 ,45 
1279805 ,24 ,69 ,102 ,46 ,46 ,42 ,49 ,55 ,56 ,55 ,63 ,63 
1333262 ,50 ,63 ,113 ,47 ,34 ,37 ,52 ,49 ,53 ,58 ,55 ,45 
1024209 ,682 ,758 ,160 ,26 ,34 ,35 ,29 ,45 ,49 ,23 ,41 ,100 
1331902 ,14 ,23 ,76 ,19 ,14 ,27 ,24 ,15 ,16 ,18 ,23 ,15 
1280889 ,41 ,59 ,99 ,25 ,34 ,22 ,38 ,37 ,29 ,41 ,46 ,28 
1280430 ,41 ,59 ,106 ,43 ,48 ,21 ,38 ,43 ,28 ,49 ,28 ,33 
1333267 ,32 ,73 ,82 ,24 ,18 ,21 ,23 ,28 ,30 ,29 ,29 ,25 
1280631 ,24 ,67 ,101 ,37 ,42 ,20 ,55 ,47 ,57 ,50 ,63 ,63 
1280890 ,11 ,59 ,76 ,21 ,21 ,15 ,16 ,15 ,16 ,17 ,14 ,15 
1045782 ,5 ,24 ,71 ,12 ,12 ,7 ,0 ,11 ,13 ,12 ,12 ,13 
